full_name,aliases,dob,gender,marks,mo_summary,status,gang_affiliation
Suresh Verma,"Surya, SV",1986-04-15,Male,Scar on right forearm,Interstate transport coordinator; operates freight consignments across KA-TN-MH corridors.,at_large,Vanguard Smuggling Syndicate
Vikram Malhotra,"Vicky Mumbai, VM",1982-11-28,Male,Tattoo of scorpion on left shoulder,Financier and receiver for contraband consignments in Mumbai-Pune; uses shell firms.,at_large,Vanguard Smuggling Syndicate
Ramesh Gowda,"Gowdru, RG",1988-08-09,Male,Burn mark on neck,Local offloader and distributor at Attibele/Electronic City staging godowns.,arrested,Vanguard Smuggling Syndicate
Amit Shah (CyberDon),"Amit Cyber, Protocol-9",1991-01-23,Male,Mole above left eyebrow,Architect of fake investment and loan apps; directs mule account networks in TS and DL.,at_large,Cyber Syndicate Alpha
Rahul Sharma,"Techie Rahul, RS",1994-07-12,Male,None,VOIP infrastructure and spoofed SMS gateway manager in Cyberabad.,under_trial,Cyber Syndicate Alpha
Deepa Patel,"D. Patel, Cashier",1993-03-30,Female,Gold ring right pinky,Liaison for Hawala cashouts and bullion purchase in Ahmedabad and Surat.,on_bail,Cyber Syndicate Alpha
Salim Khan,"Pathan, SK Bhai",1979-09-14,Male,Limp in right leg,Interstate Hawala and contraband broker coordinating AP-KA-MH shipments.,at_large,Apex Transit Nexus
Venkat Reddy,"VR, Andhra Venkat",1984-05-20,Male,Birthmark on collarbone,Staging agent in Vijayawada managing riverine and highway transport links.,arrested,Apex Transit Nexus
Prakash Jadhav,"PJ, Kolhapur Prakash",1987-12-05,Male,Deep cut on chin,Kolhapur hub manager receiving consignments from Belagavi checkpost.,at_large,Apex Transit Nexus
