fir_number,crime_case_id,complainant_name,sections,filed_at,narrative
FIR-091/ECITY/2026,b298c5b4-d5e7-41f9-a3f0-7e0f66878b2a,Kavitha Ramachandran,"IPC 120B/420, Customs Act 135",2026-08-18 22:02:51.042486+00:00,"Intelligence received on transit truck KA-09-CD-7717 driven by Suresh Verma, moving contraband along Attibele-Hosur border under Vanguard Logistics Ltd manifest. Escort vehicle MH-12-AB-4521 observed coordinating route with Mumbai contact Vikram Malhotra (+91-98200-98765). Ramesh Gowda apprehended at offloading point."
FIR-112/HOS/2026,0c9e15ee-cb90-44fd-8ee6-c20558f254f4,State / Sub-Inspector In-Charge,IPC 468/471/120B,2026-08-20 22:02:51.042486+00:00,Hosur Police raided godown leased to Vanguard Logistics Ltd. Recovered documents tying vehicle KA-09-CD-7717 to outbound runs towards Bengaluru and inbound runs from Mumbai via MH-12-AB-4521.
FIR-305/BKC/2026,49693e9d-c633-4de5-a668-5f4da50c3d75,State / Sub-Inspector In-Charge,"IPC 420/120B, PMLA Act",2026-08-23 22:02:51.042486+00:00,Bandra Cyber/EOW unit initiated probe into accounts operated by Vikram Malhotra. Identified payments transferred to Suresh Verma (+91-98450-12345) matching consignment runs between Maharashtra and Karnataka.
FIR-019/CYB-DL/2026,95b16c21-ba75-4ef7-8681-bad4e15e2f7f,Sunil Narang,"IT Act 66D/43, IPC 420/384/120B",2026-08-13 22:02:51.042486+00:00,Complainant duped of Rs. 14.5 Lakhs by fake loan portal operated by FinTech Global Solutions. Money routed through mule accounts managed by Rahul Sharma (+91-94444-55555) in Cyberabad and liquidated into bullion by Deepa Patel (+91-98980-12121) in Ahmedabad under direction of Amit Shah (CyberDon).
FIR-220/CYB-TS/2026,5d5d3a21-1874-4304-860a-fe0ffab8c895,State / Sub-Inspector In-Charge,"IT Act 66C/66D, Telegraph Act",2026-08-16 22:02:51.042486+00:00,"Cyberabad police conducted operation at Tower B premises. Seized 120 cloned SIM cards, SIM box hardware, and vehicle TS-09-ZZ-4040. Rahul Sharma arrested on premises; communication logs directly tied to Amit Shah (+91-91111-22222)."
FIR-088/NVG-GJ/2026,83c71c14-0f47-4bf0-9b69-5ab12001e34e,State / Sub-Inspector In-Charge,"IPC 420/120B, PMLA Act",2026-08-24 22:02:51.042486+00:00,Gujarat CID Crime intercepted vehicle GJ-01-MM-8899 driven by Deepa Patel. Discovered Rs. 32 Lakhs in unaccounted cash received from Telangana mule bank withdrawals for onward transfer to Delhi ringleaders.
FIR-441/BEL/2026,cf8c92a8-c874-4a73-a302-429af8497d80,State / Sub-Inspector In-Charge,NDPS Act 21/22/29,2026-08-26 22:02:51.042486+00:00,Belagavi police interceptor halted truck AP-16-TX-3344 en route from Vijayawada to Kolhapur. Seized commercial quantity of contraband disguised as agricultural inputs under Apex Warehousing clearance. Driver named Venkat Reddy and Kolhapur handler Prakash Jadhav.
FIR-150/GVP/2026,318790c2-1b3f-412e-8a5a-3727645c4a95,State / Sub-Inspector In-Charge,"NDPS Act 29, IPC 120B",2026-08-28 22:02:51.042486+00:00,Vijayawada Task Force raided loading facility connected to Salim Khan (+91-98888-77777). Venkat Reddy arrested with dispatch schedules showing periodic movements to Belagavi and Kolhapur hubs.
FIR-612/KOL/2026,73496d31-78a2-464e-8c77-ae0db74ea924,Anand Kulkarni,IPC 379/411/120B,2026-08-30 22:02:51.042486+00:00,Kolhapur local crime branch intercepted van MH-09-CQ-6611 operated by Prakash Jadhav. Cash packets and stolen electronics originating from Belagavi seized.
